company_id,industry,monthly_spend_usd,shipments_per_month,avg_delay_hours,support_tickets_last_90d,contract_length_months,has_api_integration,churned
CUST_0000,Electronics,15546,13,23.518193760523943,3,12,0,0
CUST_0001,Perishable,18628,25,4.6027788843013795,5,12,0,0
CUST_0002,Pharma,17405,16,18.296166198933996,3,12,1,1
CUST_0003,Perishable,16119,17,17.732204352003638,0,12,0,1
CUST_0004,Perishable,11047,21,7.133105809864827,0,12,0,0
CUST_0005,Automotive,17357,24,17.0356666823658,2,12,1,0
CUST_0006,Pharma,24410,27,13.680724815131144,2,24,0,0
CUST_0007,Pharma,21727,15,10.86261870023296,2,12,0,0
CUST_0008,Pharma,22965,24,7.880322565140002,3,12,0,0
CUST_0009,Perishable,12443,14,8.40445274275407,0,12,1,0
CUST_0010,Electronics,10051,22,22.24906047892963,0,36,0,0
CUST_0011,Pharma,14371,19,12.003414094787413,3,24,0,0
CUST_0012,Perishable,15278,24,15.910650007657296,2,12,0,0
CUST_0013,Automotive,20470,22,8.045503091662233,3,12,1,0
CUST_0014,Electronics,6537,26,8.100735268891807,1,12,0,0
CUST_0015,Automotive,22647,15,17.40992404624971,3,12,0,0
CUST_0016,Electronics,14209,21,5.252118942242339,3,12,1,0
CUST_0017,Perishable,12865,25,9.923931160473643,1,24,0,0
CUST_0018,Retail,9939,23,12.17013705536116,3,12,1,0
CUST_0019,Electronics,6725,20,12.556863009200262,4,24,1,0
CUST_0020,Automotive,19115,19,11.104533574919218,2,12,1,0
CUST_0021,Perishable,15366,20,13.979098905479615,1,24,0,0
CUST_0022,Electronics,8550,18,15.464278779089058,4,24,0,0
CUST_0023,Retail,8524,13,15.67318772729665,1,12,1,0
CUST_0024,Retail,13321,14,7.070980956660867,1,12,1,0
CUST_0025,Pharma,23345,19,10.579224510356013,3,12,0,0
CUST_0026,Pharma,13702,22,17.97381430938469,1,12,1,0
CUST_0027,Automotive,7484,18,16.47323593786936,4,12,0,0
CUST_0028,Electronics,13771,22,5.13570274259468,3,12,0,0
CUST_0029,Electronics,13636,22,13.757399501761007,0,12,0,0
CUST_0030,Pharma,1515,23,2.1088737531259483,2,36,1,0
CUST_0031,Electronics,14728,16,12.234674510301849,3,12,0,0
CUST_0032,Electronics,13845,17,21.488835083729885,2,36,0,0
CUST_0033,Retail,18481,23,7.2605364136550685,1,12,1,0
CUST_0034,Pharma,24244,17,7.82838477254209,4,24,0,0
CUST_0035,Perishable,20632,24,15.820148907864297,1,12,0,0
CUST_0036,Pharma,13655,17,4.28599242395177,1,12,0,1
CUST_0037,Perishable,9467,22,8.836224850574805,0,24,0,0
CUST_0038,Retail,27866,13,14.982205687908763,3,12,0,1
CUST_0039,Automotive,15296,19,8.828570761552985,0,24,1,0
CUST_0040,Electronics,15069,21,10.820150063945142,2,12,0,0
CUST_0041,Retail,14879,36,15.720928551575174,1,12,1,0
CUST_0042,Electronics,15990,19,14.107730417682806,1,12,0,0
CUST_0043,Automotive,14278,17,13.334091981477009,2,24,0,0
CUST_0044,Automotive,12131,17,10.304388603649807,4,12,0,0
CUST_0045,Retail,12265,23,13.850305576344777,4,24,0,0
CUST_0046,Automotive,14836,25,11.381336599501218,3,24,0,0
CUST_0047,Perishable,12282,26,14.289028049628923,4,12,0,0
CUST_0048,Automotive,11435,23,9.51533987441011,1,12,0,0
CUST_0049,Electronics,15532,13,11.087155128102294,2,24,0,0
CUST_0050,Electronics,13725,17,7.05021103723993,1,12,0,0
CUST_0051,Electronics,22519,17,11.82496194996882,1,12,0,0
CUST_0052,Electronics,1745,23,7.944995681855776,4,12,1,0
CUST_0053,Perishable,20457,22,6.429767749190034,2,12,0,0
CUST_0054,Pharma,21230,27,13.29330573927694,0,12,0,0
CUST_0055,Retail,4633,12,13.063698879288301,3,12,1,0
CUST_0056,Electronics,13286,24,15.914368674742862,1,24,1,0
CUST_0057,Automotive,13142,25,9.844372152124505,2,12,0,0
CUST_0058,Electronics,7962,21,14.040264234183779,2,12,0,0
CUST_0059,Automotive,11110,22,14.753987861368316,0,36,0,1
CUST_0060,Automotive,9447,26,14.223869039157973,2,24,0,1
CUST_0061,Electronics,23761,20,7.87173158598929,5,24,1,0
CUST_0062,Perishable,19678,17,12.746817411355945,2,12,1,0
CUST_0063,Automotive,21357,24,13.820701480273307,3,24,0,0
CUST_0064,Automotive,18608,27,12.03589233453971,0,12,1,0
CUST_0065,Electronics,9354,21,1.567611708144577,2,12,0,0
CUST_0066,Automotive,12377,21,12.8024481198674,1,12,0,0
CUST_0067,Automotive,17446,16,23.06265519698621,3,12,1,1
CUST_0068,Electronics,8889,13,10.199803656215087,2,24,0,0
CUST_0069,Electronics,18564,20,8.359614510723395,1,12,1,0
CUST_0070,Retail,13798,30,13.866742798556992,2,24,1,0
CUST_0071,Perishable,13125,23,13.561891052332859,1,24,0,0
CUST_0072,Perishable,18554,22,17.96367582708207,2,12,0,1
CUST_0073,Automotive,17221,16,5.710659220455561,5,12,0,1
CUST_0074,Perishable,13195,20,15.656901262874962,3,12,0,0
CUST_0075,Automotive,20796,14,14.952110306257318,4,12,0,0
CUST_0076,Retail,9594,20,11.28926731529727,2,12,0,0
CUST_0077,Electronics,18079,21,13.69343658960845,2,36,1,0
CUST_0078,Electronics,17965,16,17.147287407991787,0,12,0,1
CUST_0079,Electronics,13452,16,16.361576900142254,2,12,0,0
CUST_0080,Perishable,16630,13,6.284903439631357,1,24,0,0
CUST_0081,Retail,8744,24,16.10079093377742,1,12,1,0
CUST_0082,Perishable,19620,20,11.676556974837407,2,24,0,0
CUST_0083,Perishable,14075,28,12.364370490077578,3,12,0,1
CUST_0084,Retail,12386,13,12.365984955008473,1,12,1,1
CUST_0085,Retail,20245,14,11.2487850560087,2,12,0,0
CUST_0086,Retail,11478,20,17.958537485535324,1,12,0,0
CUST_0087,Retail,7957,20,11.58141020075394,2,12,1,0
CUST_0088,Electronics,7216,17,6.4022693580841565,1,24,0,0
CUST_0089,Pharma,18030,19,10.032350720151356,1,12,1,0
CUST_0090,Pharma,8597,27,12.893473584052378,3,36,0,0
CUST_0091,Retail,23773,21,18.146073921485254,3,12,0,0
CUST_0092,Pharma,4590,25,15.015473424744169,1,12,1,0
CUST_0093,Pharma,23482,22,7.74732360626478,0,12,0,1
CUST_0094,Retail,16055,17,24.425949583394456,3,36,1,1
CUST_0095,Pharma,14516,21,13.323876554889898,3,12,1,0
CUST_0096,Perishable,12275,14,18.376953689995073,3,12,1,1
CUST_0097,Automotive,16995,19,11.241427832113855,0,24,1,0
CUST_0098,Automotive,14811,14,14.666796223527246,0,12,0,1
CUST_0099,Retail,20516,24,16.197342522592024,0,24,1,0
CUST_0100,Electronics,15571,12,18.09097355877128,4,12,0,0
CUST_0101,Retail,15751,29,17.286841526891124,1,24,0,1
CUST_0102,Electronics,13181,22,16.360985000364888,3,36,1,0
CUST_0103,Automotive,14715,21,10.424566344029458,0,24,0,1
CUST_0104,Retail,16539,21,9.141269790219694,0,12,0,1
CUST_0105,Perishable,6449,23,13.663037551620988,4,12,0,0
CUST_0106,Pharma,8259,27,16.665640361705346,1,36,0,0
CUST_0107,Electronics,18716,20,10.886396496116966,2,12,1,0
CUST_0108,Pharma,15854,17,17.325859828571932,4,12,0,0
CUST_0109,Pharma,14080,21,19.263083727430896,1,24,0,1
CUST_0110,Retail,15092,14,7.418395404632902,0,12,1,0
CUST_0111,Pharma,16737,18,7.815396481018601,1,12,0,0
CUST_0112,Perishable,12301,22,11.298124705473318,2,12,0,0
CUST_0113,Pharma,11108,23,13.538063340945982,1,12,0,0
CUST_0114,Retail,15979,22,9.377164931164746,1,12,0,1
CUST_0115,Perishable,10108,17,18.76101339433572,1,24,0,1
CUST_0116,Automotive,17041,19,14.120334307592255,3,12,1,0
CUST_0117,Pharma,6487,27,12.197235241203698,1,24,0,0
CUST_0118,Retail,20145,17,4.820452380657362,1,24,1,0
CUST_0119,Automotive,17362,18,5.420920917862464,3,24,1,0
CUST_0120,Automotive,16280,23,13.405046251409031,1,12,0,0
CUST_0121,Electronics,19913,18,1.3370218692258184,2,24,0,1
CUST_0122,Perishable,23327,19,17.063187048220357,0,12,0,0
CUST_0123,Pharma,20071,26,11.209230778138398,1,12,0,0
CUST_0124,Retail,5795,15,28.215464847973667,3,24,1,0
CUST_0125,Electronics,8602,22,23.539581253080552,1,12,0,0
CUST_0126,Perishable,11875,18,11.092754653762416,4,36,0,0
CUST_0127,Electronics,15130,19,11.468314987343426,2,12,0,0
CUST_0128,Perishable,17588,22,16.97790757001015,0,24,0,0
CUST_0129,Perishable,11371,18,20.515863049590187,4,12,0,0
CUST_0130,Pharma,15933,23,3.8098547128199165,2,36,0,1
CUST_0131,Perishable,11223,20,3.0681226732265667,1,12,0,0
CUST_0132,Electronics,11942,18,8.889825972228092,1,12,0,0
CUST_0133,Perishable,7966,15,14.913687915869321,2,12,0,0
CUST_0134,Pharma,10383,24,14.484367952537985,1,12,1,0
CUST_0135,Pharma,8241,17,17.34885727491925,2,12,0,1
CUST_0136,Electronics,10120,17,6.001512358173459,2,12,0,0
CUST_0137,Automotive,20268,21,0.41928068515561634,1,12,0,0
CUST_0138,Automotive,10253,31,16.290070976510727,1,12,0,0
CUST_0139,Perishable,28161,18,7.859018635173827,5,12,1,0
CUST_0140,Retail,17466,20,1.9075606780568108,1,24,0,0
CUST_0141,Perishable,15924,21,12.725318729796909,6,24,0,1
CUST_0142,Electronics,10708,19,15.965878441093388,4,24,1,0
CUST_0143,Electronics,18501,17,11.389714339393613,2,24,1,0
CUST_0144,Electronics,12121,11,9.710758069087554,1,12,0,0
CUST_0145,Electronics,15610,21,11.203188839270467,1,12,0,0
CUST_0146,Electronics,27800,21,10.147086187996086,3,12,1,0
CUST_0147,Pharma,14519,19,5.259764440299165,2,24,0,0
CUST_0148,Automotive,20746,20,8.426596615047842,1,36,1,0
CUST_0149,Electronics,11484,22,14.606399525069072,4,12,1,0
CUST_0150,Retail,14825,22,13.608392706882501,2,12,1,0
CUST_0151,Retail,23854,19,12.840299029834101,1,12,0,0
CUST_0152,Retail,11865,20,7.024257590733103,3,12,1,0
CUST_0153,Retail,24062,27,11.092484189321665,2,12,0,0
CUST_0154,Pharma,18538,20,1.1146747677857256,4,12,1,0
CUST_0155,Retail,12187,14,12.89238331942695,4,36,0,0
CUST_0156,Electronics,18162,14,19.144288539067837,1,12,0,0
CUST_0157,Perishable,19862,17,4.629339339789471,4,36,0,0
CUST_0158,Retail,18109,29,9.070361633411224,0,24,0,1
CUST_0159,Pharma,7148,20,13.645533893550647,3,24,0,0
CUST_0160,Pharma,11364,21,18.264213172137417,3,24,1,0
CUST_0161,Retail,13762,17,9.758876918499253,2,24,0,0
CUST_0162,Perishable,14627,24,8.538748353670519,3,24,1,0
CUST_0163,Retail,18103,20,2.155384287919585,1,24,0,0
CUST_0164,Pharma,15888,21,12.517190646540532,4,12,0,0
CUST_0165,Automotive,8323,16,22.21038020071872,3,36,0,0
CUST_0166,Electronics,16900,25,13.38679230982338,0,24,0,0
CUST_0167,Pharma,18052,19,11.888605104081433,2,24,1,0
CUST_0168,Retail,17798,23,13.610411553834927,1,24,0,0
CUST_0169,Electronics,20403,23,11.94453998025699,0,12,0,1
CUST_0170,Retail,19169,17,7.934928138699351,3,12,0,1
CUST_0171,Retail,17295,24,16.116399578388528,1,12,1,0
CUST_0172,Automotive,14649,22,13.128807615558772,1,12,0,0
CUST_0173,Electronics,6695,17,12.088066259668286,1,24,0,0
CUST_0174,Electronics,17148,23,7.123169863608751,4,12,0,0
CUST_0175,Automotive,16038,23,18.517539659673794,3,12,0,0
CUST_0176,Pharma,16357,22,15.32351372666555,0,12,0,0
CUST_0177,Retail,8616,25,9.235395813163489,1,12,1,0
CUST_0178,Perishable,9594,13,17.009124268409685,4,24,0,0
CUST_0179,Retail,20265,12,9.512145808073964,2,24,0,0
CUST_0180,Retail,14802,19,8.089982537444815,1,12,0,1
CUST_0181,Pharma,18407,18,8.201484412598564,2,12,0,0
CUST_0182,Retail,15141,20,3.144657234559544,1,12,0,1
CUST_0183,Automotive,15148,12,14.35771190209103,3,12,1,0
CUST_0184,Automotive,19691,24,2.8442756083082497,3,12,1,0
CUST_0185,Electronics,12419,10,5.857780843671187,6,36,1,1
CUST_0186,Perishable,15480,19,1.6220599546073338,1,12,1,0
CUST_0187,Retail,12688,16,11.569651536045535,3,12,0,0
CUST_0188,Retail,12827,19,11.24839769864064,1,12,0,0
CUST_0189,Pharma,13454,17,10.36651893406818,4,24,0,0
CUST_0190,Automotive,16110,16,6.787111526647118,2,24,0,0
CUST_0191,Perishable,12606,18,6.1388312328168,3,24,0,0
CUST_0192,Electronics,21278,20,14.321849317732871,1,12,0,1
CUST_0193,Automotive,10526,21,9.247240341457562,2,24,0,0
CUST_0194,Electronics,14065,12,13.581791607680724,2,12,1,0
CUST_0195,Pharma,12801,16,7.5737565693788875,2,12,1,0
CUST_0196,Pharma,22234,21,12.905313713855412,1,12,1,0
CUST_0197,Retail,15982,17,18.516390186580317,4,12,0,0
CUST_0198,Perishable,20159,17,14.930829001963916,1,24,0,0
CUST_0199,Electronics,7572,22,9.937930908917599,1,36,0,0
CUST_0200,Automotive,16335,23,13.285994851779638,2,12,0,0
CUST_0201,Pharma,19448,10,10.796674127348934,2,24,0,0
CUST_0202,Retail,15411,23,12.039400923473641,5,24,0,0
CUST_0203,Retail,20327,25,10.371944739257483,0,36,0,1
CUST_0204,Electronics,12413,16,11.178323970573045,0,12,0,0
CUST_0205,Pharma,22046,17,13.060466765370876,2,12,0,1
CUST_0206,Perishable,26494,18,7.033206502090247,1,12,0,0
CUST_0207,Pharma,13185,25,6.920605865050108,4,24,0,0
CUST_0208,Electronics,12772,19,5.0572872308439445,4,12,0,0
CUST_0209,Electronics,22266,13,3.9986444774814505,2,12,0,0
CUST_0210,Pharma,22897,20,5.913586538897603,1,12,0,1
CUST_0211,Electronics,12385,22,12.797312534020646,1,12,0,1
CUST_0212,Pharma,12899,23,7.53606242254058,4,24,1,0
CUST_0213,Automotive,13591,30,14.568072321155482,1,24,1,0
CUST_0214,Pharma,8277,17,12.173568743762809,8,24,0,0
CUST_0215,Pharma,10406,24,2.157478932809731,0,24,0,1
CUST_0216,Electronics,9979,10,15.274877921108448,1,12,0,0
CUST_0217,Electronics,11161,31,16.05399322795855,3,12,0,0
CUST_0218,Retail,14826,19,7.030686625825734,1,12,0,0
CUST_0219,Retail,16171,16,14.100957714474958,3,12,0,0
CUST_0220,Automotive,22752,18,7.717508812954005,2,12,0,1
CUST_0221,Retail,10008,24,12.488351883741677,2,24,0,0
CUST_0222,Pharma,19921,16,5.677507965225172,1,12,1,0
CUST_0223,Electronics,13930,20,3.034467737327116,2,24,0,0
CUST_0224,Retail,14752,16,10.085914051935157,0,12,1,0
CUST_0225,Retail,18374,21,11.38135526862582,1,12,0,0
CUST_0226,Automotive,9386,14,10.01160153192698,0,12,0,0
CUST_0227,Automotive,16912,23,6.079847208887203,5,12,1,1
CUST_0228,Pharma,15832,22,10.000504689344314,4,12,1,0
CUST_0229,Electronics,17462,23,13.34647376290367,3,12,0,0
CUST_0230,Automotive,16445,26,11.775534849387315,1,12,0,0
CUST_0231,Retail,27276,18,12.912505152996067,2,12,0,0
CUST_0232,Electronics,11811,13,8.649423997728835,1,12,0,1
CUST_0233,Electronics,12345,17,17.858589573580797,4,24,1,0
CUST_0234,Retail,11884,18,6.119133317226097,1,24,1,0
CUST_0235,Automotive,12222,14,14.437801485433592,0,12,0,0
CUST_0236,Retail,11813,20,17.90945546479981,3,24,0,0
CUST_0237,Electronics,20945,20,14.404540463744476,1,24,0,0
CUST_0238,Perishable,22102,32,10.98737886467585,3,24,0,1
CUST_0239,Perishable,12146,22,9.358514766685104,0,12,1,0
CUST_0240,Pharma,10838,14,17.18043825523128,2,12,1,0
CUST_0241,Retail,17357,14,4.8851253736916345,2,24,0,0
CUST_0242,Retail,12238,24,7.149378698101782,1,12,0,0
CUST_0243,Pharma,18164,18,10.012211172541393,3,36,0,0
CUST_0244,Pharma,16014,25,18.18826878755999,3,24,0,1
CUST_0245,Pharma,7421,24,13.89883818020448,1,12,1,0
CUST_0246,Electronics,22737,19,7.159771207448774,1,12,0,0
CUST_0247,Retail,23979,11,10.448461473075481,3,12,0,0
CUST_0248,Electronics,11936,16,8.928384279518529,1,12,0,0
CUST_0249,Pharma,13061,23,8.451055038832324,0,12,1,0
CUST_0250,Retail,16429,29,16.894447792783897,1,12,0,1
CUST_0251,Electronics,16672,32,5.141284353682472,3,12,1,0
CUST_0252,Electronics,18292,18,20.043904278671867,4,12,1,1
CUST_0253,Pharma,25051,15,16.141148450923115,2,36,1,0
CUST_0254,Retail,14115,22,17.45430835301849,0,12,0,0
CUST_0255,Pharma,11008,21,9.685302439873709,2,36,0,0
CUST_0256,Retail,8103,25,11.250296404604454,1,36,0,0
CUST_0257,Perishable,11345,18,4.83424092737644,3,12,0,0
CUST_0258,Automotive,14834,17,9.376687964665985,2,24,0,0
CUST_0259,Automotive,23972,28,14.468274238215754,2,12,0,0
CUST_0260,Automotive,12411,20,18.48031530890698,2,24,0,0
CUST_0261,Pharma,16118,23,6.464215915987742,0,12,1,0
CUST_0262,Perishable,14917,14,10.17247031507367,3,12,0,0
CUST_0263,Retail,20941,22,11.243503898837389,2,12,0,1
CUST_0264,Electronics,27634,20,5.021053989037574,0,12,1,0
CUST_0265,Retail,12345,20,14.956746208792001,2,12,1,0
CUST_0266,Electronics,12552,12,8.380048341286955,2,12,1,0
CUST_0267,Retail,20220,24,11.02304824411488,2,12,1,0
CUST_0268,Perishable,18409,21,9.740253140440611,2,12,1,1
CUST_0269,Electronics,24233,9,8.053307471401627,3,12,0,0
CUST_0270,Pharma,17919,19,11.964775072597227,1,12,0,1
CUST_0271,Retail,13203,25,10.921952107159889,2,12,0,1
CUST_0272,Retail,17953,31,10.140710588606673,2,12,0,0
CUST_0273,Electronics,20543,21,8.357691891598286,3,24,0,1
CUST_0274,Pharma,19102,19,13.597623353914777,2,12,0,0
CUST_0275,Pharma,17536,12,20.268086342461423,4,24,0,1
CUST_0276,Perishable,20333,24,12.699436164195637,2,12,0,0
CUST_0277,Pharma,20846,20,16.980591074555644,1,24,0,0
CUST_0278,Pharma,21910,16,5.048890374232687,1,12,1,0
CUST_0279,Pharma,18243,22,12.788807196468847,0,12,0,0
CUST_0280,Automotive,14164,21,6.513158405144667,2,12,1,0
CUST_0281,Perishable,15733,20,4.615375362340493,4,12,0,0
CUST_0282,Retail,21032,28,8.303142962704818,1,12,1,0
CUST_0283,Electronics,10915,22,17.959496672067864,0,12,1,0
CUST_0284,Retail,16843,17,16.750079143348227,2,36,0,1
CUST_0285,Perishable,13033,23,13.215023610271999,0,12,0,0
CUST_0286,Electronics,15143,19,4.336497200550346,0,12,0,0
CUST_0287,Perishable,21392,20,11.018596743060316,3,24,1,0
CUST_0288,Pharma,15955,14,13.508500044508677,2,12,1,0
CUST_0289,Electronics,15232,19,12.87768114789299,3,24,1,0
CUST_0290,Pharma,8200,24,2.781032082596271,1,12,0,0
CUST_0291,Retail,18731,18,7.548410759900641,1,24,0,1
CUST_0292,Retail,18227,21,11.679611179256417,2,12,1,0
CUST_0293,Electronics,25816,24,14.68145454758595,4,24,0,0
CUST_0294,Electronics,13461,21,1.0193608945002683,3,24,0,1
CUST_0295,Perishable,16095,22,11.189380122600708,1,12,0,0
CUST_0296,Perishable,16246,13,12.715243849394762,4,12,1,0
CUST_0297,Pharma,22887,16,16.248059942581065,1,12,0,0
CUST_0298,Electronics,14523,8,15.464287921187184,3,36,0,1
CUST_0299,Retail,16395,26,14.912856594044026,1,12,0,0
CUST_0300,Perishable,18039,30,8.000297466490329,1,12,1,0
CUST_0301,Perishable,15933,19,2.4599893143834617,2,12,0,0
CUST_0302,Retail,12767,20,10.034736214692995,3,12,0,0
CUST_0303,Perishable,15970,17,17.0081591260428,1,12,0,0
CUST_0304,Pharma,20368,27,18.96727263762216,3,36,1,0
CUST_0305,Electronics,9867,24,15.552745511488926,2,12,1,0
CUST_0306,Retail,15664,20,14.14670411400867,2,24,1,0
CUST_0307,Electronics,11499,21,13.898198241929828,2,12,0,0
CUST_0308,Perishable,20975,18,9.219406266196097,0,12,1,0
CUST_0309,Perishable,7384,16,11.3496985322319,5,12,0,1
CUST_0310,Retail,12205,20,20.345347629131656,2,12,0,0
CUST_0311,Pharma,16886,18,7.287209971040618,2,36,0,0
CUST_0312,Automotive,22827,24,20.07389395354926,0,24,0,1
CUST_0313,Retail,14671,15,10.389859227539707,4,12,1,1
CUST_0314,Automotive,12224,20,18.62716054547539,1,12,0,0
CUST_0315,Automotive,24405,19,4.965924952512308,1,12,0,0
CUST_0316,Pharma,7759,14,14.929521005823245,5,36,0,1
CUST_0317,Automotive,4005,20,8.31614932026189,0,24,0,0
CUST_0318,Automotive,17200,34,4.923664040379062,2,24,0,1
CUST_0319,Pharma,12489,17,13.092670212054728,1,12,0,0
CUST_0320,Automotive,9893,16,17.047358942979844,3,12,0,0
CUST_0321,Automotive,18541,16,7.7752928070325185,2,12,0,0
CUST_0322,Automotive,16219,23,4.504920197707994,5,12,0,0
CUST_0323,Retail,12179,19,11.540776178325224,3,12,1,0
CUST_0324,Retail,8598,18,11.562823356114095,2,12,0,0
CUST_0325,Retail,19362,25,14.741598137772494,2,12,1,0
CUST_0326,Pharma,18251,18,16.747972856822443,1,24,1,0
CUST_0327,Perishable,14504,24,11.70292409363753,0,24,1,0
CUST_0328,Automotive,24233,21,21.277516573971315,1,12,0,0
CUST_0329,Automotive,9649,12,13.12117372267646,3,12,0,0
CUST_0330,Pharma,7372,23,10.267867469965502,1,12,1,0
CUST_0331,Automotive,11540,24,3.94216320448586,1,24,0,0
CUST_0332,Retail,14772,30,10.686702398419161,0,24,0,0
CUST_0333,Perishable,16216,17,10.318065272944319,2,24,0,0
CUST_0334,Electronics,13793,17,16.80152398140735,3,24,0,0
CUST_0335,Automotive,16760,24,14.31241812033427,4,12,1,0
CUST_0336,Retail,8742,20,6.103154391836914,2,12,0,1
CUST_0337,Electronics,22218,18,12.861271932055187,3,12,0,0
CUST_0338,Perishable,14589,25,15.357655858645266,3,12,0,0
CUST_0339,Electronics,20586,23,19.640156796939163,2,24,0,1
CUST_0340,Retail,16713,28,16.437519837070298,3,12,0,0
CUST_0341,Electronics,17283,17,15.80423327155739,0,12,0,0
CUST_0342,Pharma,17848,15,12.300429973075818,2,12,1,0
CUST_0343,Electronics,17238,23,13.941560027117248,2,36,0,0
CUST_0344,Automotive,18213,30,18.247524503530794,4,12,1,0
CUST_0345,Automotive,21645,18,5.336113012601752,2,24,0,0
CUST_0346,Pharma,15982,24,10.25280336391522,2,12,0,1
CUST_0347,Retail,18545,18,8.137156256218796,2,12,0,1
CUST_0348,Automotive,14551,25,13.895765593630621,2,12,0,0
CUST_0349,Perishable,22200,19,18.151110878253938,1,24,1,0
CUST_0350,Automotive,11618,15,9.01512856639463,2,12,1,0
CUST_0351,Automotive,24004,21,0.048478162652809687,3,24,0,0
CUST_0352,Retail,14799,15,9.93889627487765,1,12,0,0
CUST_0353,Electronics,7846,17,16.567368660087034,3,12,1,0
CUST_0354,Automotive,15640,22,14.688149514749398,3,36,0,0
CUST_0355,Pharma,11594,16,14.14093123905288,1,12,0,1
CUST_0356,Electronics,19203,21,10.6000334906276,1,12,1,0
CUST_0357,Perishable,11736,27,5.604846318901068,4,24,0,1
CUST_0358,Retail,12769,22,14.576471608122336,2,12,1,0
CUST_0359,Perishable,5552,21,7.828590949826876,1,24,0,0
CUST_0360,Electronics,12738,17,22.920483666902282,1,12,1,1
CUST_0361,Electronics,2880,22,14.85253604177258,0,12,0,0
CUST_0362,Electronics,7080,23,9.096758487230245,2,12,0,0
CUST_0363,Perishable,18802,12,8.943073763056859,3,24,0,0
CUST_0364,Electronics,18929,17,11.535278966932058,2,12,0,0
CUST_0365,Perishable,17127,22,10.80249038989125,1,24,0,0
CUST_0366,Electronics,10165,11,17.584168877649773,1,36,0,0
CUST_0367,Pharma,14761,29,12.932080848720231,4,12,0,0
CUST_0368,Electronics,14981,22,8.34184130545736,1,12,1,0
CUST_0369,Perishable,9208,16,21.45220342577891,1,12,0,0
CUST_0370,Automotive,22516,23,12.246541657601114,3,12,0,0
CUST_0371,Electronics,19386,17,15.844198379844483,1,12,0,1
CUST_0372,Automotive,13895,11,8.958867462776205,1,24,0,1
CUST_0373,Pharma,15134,14,13.815578138722618,3,36,0,0
CUST_0374,Retail,16041,23,13.555549955715977,2,36,0,1
CUST_0375,Pharma,4791,19,2.551753539519236,2,24,1,0
CUST_0376,Electronics,13764,19,22.0763755523032,2,24,0,1
CUST_0377,Automotive,11590,16,18.453222304612737,2,12,0,0
CUST_0378,Automotive,9991,17,10.014023419270062,3,24,1,0
CUST_0379,Perishable,13594,21,6.488651297720723,3,24,1,0
CUST_0380,Automotive,23988,17,13.73780806901776,5,12,0,0
CUST_0381,Perishable,18204,21,12.433488497071982,1,36,1,0
CUST_0382,Retail,12144,22,13.778344742816147,3,12,0,1
CUST_0383,Electronics,17862,16,12.957886980970448,1,24,1,0
CUST_0384,Perishable,21996,23,14.53120494652963,0,24,0,0
CUST_0385,Retail,19623,17,19.236528496959032,2,36,0,0
CUST_0386,Automotive,15298,21,14.84051602564323,3,12,1,0
CUST_0387,Automotive,11765,30,6.751722505450294,1,24,0,0
CUST_0388,Retail,18491,16,18.81281426356226,4,12,0,1
CUST_0389,Automotive,16967,23,20.203072817441438,1,12,0,1
CUST_0390,Retail,19475,19,27.760283672560426,0,24,0,0
CUST_0391,Perishable,18175,21,6.38252983380201,2,12,0,0
CUST_0392,Perishable,20247,19,13.214410065751375,0,24,0,0
CUST_0393,Retail,12323,15,1.5895064840550646,4,12,0,1
CUST_0394,Perishable,21586,36,14.765745781896046,1,12,0,0
CUST_0395,Perishable,15987,13,9.258998509166137,2,24,0,1
CUST_0396,Perishable,25376,27,21.617228974124764,1,12,0,1
CUST_0397,Pharma,11554,17,8.126925149907091,1,12,0,1
CUST_0398,Electronics,23679,23,3.554084810163692,1,36,1,0
CUST_0399,Automotive,15989,21,9.6436812964874,2,12,0,0
CUST_0400,Pharma,11742,22,2.1225611439143126,1,24,0,0
CUST_0401,Perishable,12580,23,15.75549727253655,2,12,1,0
CUST_0402,Retail,13398,16,1.6745847687183968,3,12,1,0
CUST_0403,Perishable,17120,23,12.142287905915794,4,12,0,0
CUST_0404,Electronics,17614,16,1.6109409007190152,2,12,1,0
CUST_0405,Perishable,12131,17,10.398510977316791,2,12,0,1
CUST_0406,Retail,14878,11,20.21689077902267,3,12,1,0
CUST_0407,Electronics,25711,23,13.803239457178975,3,12,0,0
CUST_0408,Perishable,23637,22,7.68253197517533,2,12,0,0
CUST_0409,Electronics,17181,24,11.84398255530458,3,12,0,0
CUST_0410,Automotive,15190,28,12.090084360222233,1,12,1,0
CUST_0411,Automotive,15600,16,14.363151729217028,4,12,0,0
CUST_0412,Perishable,18067,23,5.165708183595868,0,36,0,1
CUST_0413,Electronics,9886,20,14.962836369236653,5,24,0,0
CUST_0414,Retail,13713,18,1.5219581580138755,2,24,1,0
CUST_0415,Perishable,6657,21,8.850577238180948,1,12,1,0
CUST_0416,Automotive,16996,17,9.558630787742278,1,36,0,0
CUST_0417,Automotive,18235,27,15.166634130356192,1,24,0,0
CUST_0418,Perishable,12584,24,12.113154263384345,2,24,0,0
CUST_0419,Electronics,22869,22,4.972184730718567,1,12,0,0
CUST_0420,Automotive,8871,23,7.075034370914924,4,36,1,0
CUST_0421,Electronics,7678,19,12.993400047737035,3,24,0,0
CUST_0422,Automotive,16122,29,11.604663290677218,0,24,0,0
CUST_0423,Automotive,20235,25,9.104379451821268,2,12,0,0
CUST_0424,Pharma,23419,19,9.595831052440104,0,12,0,0
CUST_0425,Automotive,12705,17,15.480839985796445,0,12,0,0
CUST_0426,Retail,20393,11,9.411537135653926,2,12,0,1
CUST_0427,Perishable,14807,28,11.559543779854634,3,24,0,0
CUST_0428,Perishable,14136,24,22.849682940402715,2,12,0,1
CUST_0429,Electronics,19418,22,4.881586815580385,2,12,0,0
CUST_0430,Automotive,18261,15,2.7407863421267074,1,12,0,1
CUST_0431,Retail,7118,12,15.917948323993034,0,12,0,0
CUST_0432,Electronics,22382,22,8.606784693529484,2,12,1,0
CUST_0433,Pharma,21900,25,10.408812361286898,3,24,0,1
CUST_0434,Electronics,11872,13,8.094218109344428,3,12,0,0
CUST_0435,Electronics,16979,17,10.700999296162438,3,12,1,0
CUST_0436,Automotive,17470,20,19.992690560481705,3,12,0,1
CUST_0437,Pharma,16303,18,16.010642293090598,0,12,0,1
CUST_0438,Electronics,12248,30,16.311117559434884,1,12,0,0
CUST_0439,Retail,11641,18,4.918864721036773,2,24,0,0
CUST_0440,Retail,14872,13,6.244231317235654,1,24,0,0
CUST_0441,Perishable,20863,21,2.1953932974271346,4,24,0,1
CUST_0442,Pharma,17718,22,7.95309589458623,0,24,1,0
CUST_0443,Pharma,13146,19,16.783515931928292,1,12,1,0
CUST_0444,Perishable,18858,15,14.584732578741855,4,36,0,0
CUST_0445,Electronics,757,15,10.89243368523938,1,24,0,0
CUST_0446,Pharma,20743,16,11.888498581409735,2,36,0,0
CUST_0447,Retail,6301,15,8.555572287122972,4,12,0,0
CUST_0448,Retail,13187,23,13.023794412008922,2,36,0,0
CUST_0449,Automotive,9401,20,15.829391397403075,3,24,1,0
CUST_0450,Pharma,8526,12,3.9205660629476355,1,24,0,0
CUST_0451,Electronics,20804,16,13.498238439186741,2,12,1,0
CUST_0452,Perishable,12661,13,16.662174354773335,1,24,1,0
CUST_0453,Perishable,16732,20,9.924498555183153,3,36,1,0
CUST_0454,Electronics,14765,16,15.503503060602918,3,24,0,0
CUST_0455,Automotive,17385,18,26.073272222362764,1,12,0,1
CUST_0456,Perishable,15384,22,11.47828603506554,3,36,0,0
CUST_0457,Pharma,8585,19,13.966535250026618,3,12,0,0
CUST_0458,Automotive,19981,20,8.309714581693042,3,12,0,0
CUST_0459,Pharma,12531,23,12.906255813010253,2,12,0,0
CUST_0460,Retail,7217,20,14.30135812491152,0,36,0,1
CUST_0461,Automotive,12859,26,12.97421170135069,4,12,0,1
CUST_0462,Perishable,22503,20,6.901523401455716,1,12,1,0
CUST_0463,Automotive,19251,21,13.031808856627254,2,24,0,0
CUST_0464,Automotive,13256,18,19.310979693588184,2,24,0,0
CUST_0465,Automotive,13253,23,14.243178822572636,1,12,0,0
CUST_0466,Automotive,13391,18,16.809935945359207,2,36,1,0
CUST_0467,Pharma,25383,16,10.814940149936861,6,36,0,1
CUST_0468,Retail,16909,19,15.749501197118553,0,12,0,0
CUST_0469,Electronics,17150,24,13.39633919108263,4,12,0,0
CUST_0470,Automotive,20151,20,7.24544635156384,2,12,1,0
CUST_0471,Perishable,16193,22,13.592605023994372,1,12,1,0
CUST_0472,Automotive,13704,16,7.041516682798448,2,12,0,0
CUST_0473,Perishable,14018,23,8.83559862557604,4,36,0,0
CUST_0474,Pharma,14641,25,12.94664153646187,1,24,0,0
CUST_0475,Perishable,14813,18,13.48622136690062,2,12,0,0
CUST_0476,Electronics,18638,19,6.053837674614354,2,12,0,0
CUST_0477,Retail,15259,19,17.26992885591438,5,12,1,0
CUST_0478,Perishable,18663,18,14.860031391502364,1,12,1,0
CUST_0479,Perishable,14596,27,8.47635782194558,0,12,0,1
CUST_0480,Retail,15393,18,4.312076017754123,2,24,0,0
CUST_0481,Electronics,5008,33,11.275477104592843,1,36,0,0
CUST_0482,Automotive,19581,22,9.7702814306942,0,12,1,0
CUST_0483,Perishable,16732,18,12.565702285265115,1,24,1,0
CUST_0484,Retail,19990,21,10.184416694222168,1,12,0,0
CUST_0485,Pharma,518,16,1.9627156962749517,2,24,0,0
CUST_0486,Retail,25441,18,10.058265308494208,2,12,0,1
CUST_0487,Pharma,14302,18,10.471904444658435,2,12,0,0
CUST_0488,Electronics,20540,23,15.168305123870294,0,36,1,0
CUST_0489,Automotive,9800,23,8.509001626944752,3,12,0,0
CUST_0490,Retail,18063,16,20.393373366862832,1,24,1,0
CUST_0491,Perishable,9732,20,2.4417972467412152,1,12,0,0
CUST_0492,Electronics,11881,24,18.555837489013122,3,12,1,0
CUST_0493,Retail,24570,21,10.878405145609475,1,12,0,1
CUST_0494,Perishable,14046,24,16.297924361717783,0,12,1,0
CUST_0495,Retail,16087,24,12.399007420293666,1,24,0,0
CUST_0496,Pharma,19350,24,17.697777680127345,2,12,0,0
CUST_0497,Retail,17478,14,10.063190177235944,2,24,0,1
CUST_0498,Retail,15752,22,6.506897874110939,1,24,0,0
CUST_0499,Retail,16824,15,19.102521436355318,1,24,0,1
CUST_0500,Electronics,27017,26,11.432596770589294,4,12,0,0
CUST_0501,Retail,14711,27,13.107792368121054,3,36,1,0
CUST_0502,Perishable,16005,21,18.173759570223975,0,12,0,0
CUST_0503,Pharma,20253,26,6.840223789527825,1,12,1,0
CUST_0504,Pharma,20527,22,14.977454488196287,3,12,1,0
CUST_0505,Retail,20935,20,9.050526217685546,3,12,0,1
CUST_0506,Electronics,18193,17,11.33915322177814,1,12,0,0
CUST_0507,Electronics,9284,17,12.361394826921444,2,24,0,0
CUST_0508,Perishable,23167,16,4.49889069276532,3,12,0,1
CUST_0509,Retail,9268,27,8.105814785897827,1,12,0,1
CUST_0510,Pharma,16513,15,18.755364462065696,0,24,1,0
CUST_0511,Electronics,11228,23,16.43095594292398,2,12,0,1
CUST_0512,Retail,14679,25,11.686802113363825,3,12,0,0
CUST_0513,Electronics,16643,24,13.215617292564465,2,12,0,0
CUST_0514,Electronics,16606,23,10.528787471817711,3,24,1,0
CUST_0515,Pharma,17109,29,18.78291692913991,0,12,0,0
CUST_0516,Automotive,23068,18,10.99823711102918,2,12,0,0
CUST_0517,Perishable,17267,15,13.15921046067424,4,12,0,0
CUST_0518,Perishable,13779,16,17.730150720710327,4,24,0,0
CUST_0519,Pharma,19820,17,8.113142575770468,2,24,1,0
CUST_0520,Electronics,20947,24,19.79394592248447,2,24,1,1
CUST_0521,Retail,8861,13,4.347692951283116,1,12,0,1
CUST_0522,Electronics,17987,18,20.148210655563993,1,12,0,1
CUST_0523,Pharma,18505,16,10.136622080240127,0,12,0,0
CUST_0524,Perishable,13512,26,10.78650626087359,2,12,0,1
CUST_0525,Electronics,21878,16,2.5499491440852857,0,12,0,0
CUST_0526,Perishable,14249,11,9.726026413111535,1,12,0,0
CUST_0527,Retail,15627,23,6.800967344865579,3,12,0,0
CUST_0528,Perishable,14134,16,8.961768273132638,0,24,1,0
CUST_0529,Perishable,15077,19,11.313445171055601,2,12,0,0
CUST_0530,Automotive,9518,24,16.78895807236453,1,24,1,0
CUST_0531,Automotive,7799,17,13.03801675700313,2,12,0,0
CUST_0532,Automotive,22972,16,13.53838326700557,0,12,0,0
CUST_0533,Perishable,10765,24,6.522403055772188,2,12,1,0
CUST_0534,Pharma,10043,24,7.596229551986349,1,12,0,0
CUST_0535,Perishable,4233,25,20.99362509175656,3,12,0,1
CUST_0536,Pharma,11805,21,8.323994826183768,3,12,0,0
CUST_0537,Pharma,8384,26,20.28104126028648,2,36,0,0
CUST_0538,Automotive,23210,24,10.784694005595668,2,24,1,1
CUST_0539,Electronics,20049,23,12.01143968071752,2,12,1,0
CUST_0540,Retail,11559,16,17.351825801149648,0,24,0,1
CUST_0541,Automotive,26262,18,18.359462109693283,2,24,0,0
CUST_0542,Automotive,19908,24,11.445937198604563,2,24,0,1
CUST_0543,Electronics,13375,21,10.058784732392306,1,24,0,0
CUST_0544,Retail,2502,19,11.720397757388934,3,12,0,0
CUST_0545,Perishable,26454,22,13.689787641160592,1,12,0,0
CUST_0546,Perishable,8052,29,16.456518434348776,1,12,0,0
CUST_0547,Automotive,6773,20,12.021149294970758,2,12,0,0
CUST_0548,Retail,20112,23,15.094431490115769,1,12,0,0
CUST_0549,Automotive,27198,17,20.191798661354703,1,12,0,1
CUST_0550,Pharma,21921,22,13.906548061323923,0,36,0,0
CUST_0551,Automotive,17819,15,13.558264280023892,3,36,1,0
CUST_0552,Automotive,17973,19,4.405445874549661,2,24,1,0
CUST_0553,Perishable,19267,25,1.1536506841453171,2,24,0,0
CUST_0554,Perishable,18794,21,13.941878646150842,4,36,0,0
CUST_0555,Perishable,16405,31,11.525878843595638,1,12,1,0
CUST_0556,Pharma,15521,20,9.42608662542629,3,12,1,0
CUST_0557,Perishable,14687,15,13.217651020931722,2,12,1,0
CUST_0558,Retail,11230,17,11.69798135401546,2,24,0,0
CUST_0559,Electronics,13596,21,17.638901253169493,1,12,1,0
CUST_0560,Retail,6535,18,12.43055434129489,3,24,0,0
CUST_0561,Retail,14508,12,8.265383574649162,1,12,1,0
CUST_0562,Perishable,10057,22,16.950831194796443,2,12,1,1
CUST_0563,Electronics,9482,15,10.914344625268988,1,24,0,0
CUST_0564,Electronics,15899,17,14.632683418361536,3,12,1,0
CUST_0565,Electronics,21960,27,9.612946469035997,3,12,0,0
CUST_0566,Pharma,19591,25,8.750865572512819,1,12,1,0
CUST_0567,Perishable,7147,18,12.420841150928482,2,12,0,0
CUST_0568,Electronics,10051,12,12.064143217718426,0,24,1,0
CUST_0569,Pharma,19703,12,14.399135176834164,2,12,0,1
CUST_0570,Automotive,10087,16,10.656771233451288,2,12,1,0
CUST_0571,Automotive,13876,17,2.818201081148013,0,12,0,0
CUST_0572,Pharma,17750,15,9.836130582058058,3,24,0,0
CUST_0573,Pharma,10158,17,15.969092335719079,4,12,0,0
CUST_0574,Perishable,15526,18,10.513119603784467,0,24,1,0
CUST_0575,Perishable,8329,16,10.76808298742726,3,24,0,1
CUST_0576,Automotive,11993,16,16.931882529529688,1,12,0,0
CUST_0577,Electronics,16598,22,8.440133863705386,2,24,0,0
CUST_0578,Automotive,7035,16,4.285983908785502,3,24,1,0
CUST_0579,Electronics,17202,14,11.196844402372529,2,12,0,0
CUST_0580,Electronics,14901,26,9.579130243756314,0,12,0,1
CUST_0581,Perishable,17762,12,7.16876840123373,0,36,0,0
CUST_0582,Retail,16119,17,11.123107720506546,1,24,0,0
CUST_0583,Retail,21820,24,14.457528236233918,4,12,0,0
CUST_0584,Pharma,15626,21,11.953557192160922,1,12,0,0
CUST_0585,Perishable,12852,14,13.53490536343119,0,24,1,0
CUST_0586,Electronics,15611,17,21.067038492577115,2,24,1,1
CUST_0587,Retail,17716,12,10.28560569221218,0,24,0,0
CUST_0588,Electronics,15244,17,13.391743173223349,3,12,0,1
CUST_0589,Retail,15202,11,9.453933187004328,3,24,0,0
CUST_0590,Retail,11490,19,7.768201400565135,2,12,0,0
CUST_0591,Retail,11685,21,9.075461732911151,4,12,1,0
CUST_0592,Perishable,7986,17,9.606207142391558,0,24,0,0
CUST_0593,Automotive,23747,26,13.797378987735627,4,36,0,0
CUST_0594,Electronics,8780,15,23.745378933503787,1,12,0,1
CUST_0595,Perishable,11535,23,8.4197828186208,2,12,1,0
CUST_0596,Perishable,11407,20,9.916873471922688,1,24,0,0
CUST_0597,Perishable,19474,18,11.68438493444376,1,12,0,0
CUST_0598,Perishable,13525,19,13.978994243548735,4,24,0,0
CUST_0599,Perishable,21238,19,13.317754059773925,0,24,1,0
CUST_0600,Pharma,11632,14,18.420478969740586,0,12,1,0
CUST_0601,Electronics,16394,30,0.13196035267604067,3,36,0,1
CUST_0602,Perishable,10823,21,0.0653506490216369,1,24,0,1
CUST_0603,Electronics,25725,20,9.520609139949254,2,24,1,0
CUST_0604,Pharma,9062,16,17.486500937718546,1,24,0,0
CUST_0605,Pharma,16549,18,4.171759841972019,2,24,0,1
CUST_0606,Electronics,18168,14,3.0381616984687856,3,12,0,0
CUST_0607,Retail,17068,15,14.855897031096044,3,12,0,0
CUST_0608,Automotive,14073,16,13.218286118513571,1,24,0,0
CUST_0609,Retail,14350,25,6.548957966002851,1,12,1,0
CUST_0610,Retail,15219,21,7.072301996395351,1,12,0,1
CUST_0611,Retail,14264,18,7.151281401826628,2,24,0,0
CUST_0612,Perishable,19819,18,12.552676587369701,2,24,1,0
CUST_0613,Pharma,26052,21,8.868423619084965,4,12,0,1
CUST_0614,Retail,12212,24,14.470319594877598,4,24,0,1
CUST_0615,Pharma,8150,22,2.2731333145219548,4,24,0,0
CUST_0616,Electronics,14558,16,7.715740674361004,2,12,1,0
CUST_0617,Automotive,27898,16,6.369730195444749,2,24,1,0
CUST_0618,Electronics,10981,24,10.718296608137539,0,12,1,0
CUST_0619,Electronics,23195,23,9.309761207549307,2,12,1,0
CUST_0620,Perishable,23388,19,15.989218899478832,1,12,0,0
CUST_0621,Automotive,12232,13,2.7033161416997125,2,12,0,0
CUST_0622,Electronics,17844,28,12.22745738165376,2,12,1,0
CUST_0623,Electronics,23141,17,14.791682116058528,1,24,0,1
CUST_0624,Automotive,13104,20,21.283237182809774,5,24,0,1
CUST_0625,Automotive,13982,24,9.591170144532624,1,12,0,1
CUST_0626,Electronics,12091,20,13.622293021762585,3,24,0,1
CUST_0627,Automotive,9926,24,2.9806860371881747,2,12,1,0
CUST_0628,Electronics,11753,25,0.04021897843488098,3,12,0,0
CUST_0629,Electronics,8880,18,16.2238718789085,4,24,0,0
CUST_0630,Perishable,15170,21,11.972198531759647,1,12,1,0
CUST_0631,Retail,11150,20,17.892563448992114,0,12,0,0
CUST_0632,Electronics,16168,10,5.132985555151254,4,24,0,0
CUST_0633,Pharma,7220,21,14.599510697643762,3,12,0,0
CUST_0634,Retail,16654,25,21.344089202719267,1,24,1,0
CUST_0635,Retail,19167,16,14.098528041786329,2,12,1,0
CUST_0636,Retail,5031,23,13.382907527955243,4,12,1,0
CUST_0637,Perishable,16870,21,12.04278040412175,3,12,1,0
CUST_0638,Electronics,21138,15,4.145592714370439,1,12,0,0
CUST_0639,Perishable,8951,24,18.77786467855174,0,12,1,1
CUST_0640,Electronics,23362,23,8.94571180097467,4,12,1,0
CUST_0641,Perishable,17095,24,14.522416281915085,1,24,0,0
CUST_0642,Perishable,11474,22,4.184828467143732,1,36,0,0
CUST_0643,Pharma,14721,28,6.1027016774610985,3,12,1,0
CUST_0644,Perishable,17791,11,19.175436996111177,3,12,1,1
CUST_0645,Automotive,15380,25,10.263488555210785,2,12,1,0
CUST_0646,Pharma,17693,24,19.266377380212724,0,36,1,0
CUST_0647,Perishable,10396,18,11.60884670470741,3,36,0,0
CUST_0648,Retail,15846,31,2.7905111352107124,1,12,0,0
CUST_0649,Automotive,7931,28,16.460337998658602,1,24,0,0
CUST_0650,Automotive,14443,21,9.050538411221961,2,12,0,0
CUST_0651,Automotive,10480,17,15.493444067585218,1,12,1,0
CUST_0652,Pharma,11322,23,12.12605433770041,1,12,0,0
CUST_0653,Perishable,21180,23,4.284408860285648,2,12,0,0
CUST_0654,Perishable,20456,18,12.821473826852845,1,12,0,0
CUST_0655,Retail,18045,19,22.981115710763994,3,12,0,1
CUST_0656,Retail,9538,18,14.464932292572296,1,24,0,0
CUST_0657,Automotive,13417,29,11.712411234972684,1,12,0,0
CUST_0658,Retail,21065,18,17.37671700978449,4,12,0,1
CUST_0659,Pharma,15708,11,13.053342326015555,1,12,0,0
CUST_0660,Perishable,26596,15,13.047671151313972,3,12,1,0
CUST_0661,Automotive,16966,19,6.541874139204487,1,12,0,0
CUST_0662,Retail,15960,16,13.169240128947992,0,12,0,0
CUST_0663,Pharma,13454,22,17.177217082084724,3,12,0,0
CUST_0664,Pharma,15667,24,7.819689239499876,1,12,0,0
CUST_0665,Retail,14237,24,19.12247910623474,0,12,0,1
CUST_0666,Perishable,18540,22,11.54146987927437,3,12,1,0
CUST_0667,Retail,19783,19,7.561152442307296,1,24,1,0
CUST_0668,Automotive,11070,17,16.988160384601223,1,24,0,0
CUST_0669,Retail,8343,17,10.566028821308654,4,12,0,0
CUST_0670,Pharma,5818,15,15.797574437430539,2,12,1,0
CUST_0671,Retail,17539,19,10.541206838707314,3,12,1,0
CUST_0672,Perishable,9483,14,11.700869282350482,2,12,0,1
CUST_0673,Electronics,4235,20,14.467801021671459,1,12,0,0
CUST_0674,Retail,16942,20,13.45448528795003,0,12,0,1
CUST_0675,Perishable,27464,21,2.0223410977413074,2,12,0,0
CUST_0676,Perishable,14969,15,6.393781299528041,0,36,0,0
CUST_0677,Pharma,19192,21,16.64704992395408,3,12,0,0
CUST_0678,Perishable,15409,18,11.339317055492264,1,12,0,1
CUST_0679,Perishable,14505,25,9.38134348614289,0,12,0,0
CUST_0680,Perishable,19595,19,5.207129923712628,1,36,1,0
CUST_0681,Perishable,13548,24,6.601318393620758,1,24,1,0
CUST_0682,Automotive,16336,21,1.8910068001902633,4,12,0,0
CUST_0683,Automotive,16608,16,11.493596406492335,3,24,1,0
CUST_0684,Pharma,11659,21,9.007812097094765,3,12,0,0
CUST_0685,Retail,19960,20,7.167060545073424,1,24,1,0
CUST_0686,Perishable,14125,15,11.659382874160235,2,24,0,0
CUST_0687,Retail,11221,19,13.81985315426369,3,12,0,0
CUST_0688,Retail,17682,10,22.465989661049726,3,24,0,0
CUST_0689,Pharma,10507,23,4.440582902183932,4,12,0,0
CUST_0690,Perishable,15140,16,17.79690521650261,0,12,1,0
CUST_0691,Perishable,14954,16,16.86550780507536,0,12,0,0
CUST_0692,Electronics,20429,18,8.104536303116497,3,24,0,0
CUST_0693,Retail,17373,25,13.016179772930155,2,12,0,1
CUST_0694,Retail,14874,18,9.711833753311923,1,12,0,1
CUST_0695,Automotive,19088,24,12.928442902093694,1,24,0,0
CUST_0696,Electronics,21951,16,19.545655067022754,1,12,0,0
CUST_0697,Automotive,17789,19,15.028031163156566,3,12,1,0
CUST_0698,Automotive,15051,25,14.54304186616721,1,12,1,0
CUST_0699,Automotive,8440,18,9.848453400226788,0,12,1,0
CUST_0700,Pharma,9674,25,4.579716675378324,1,12,0,0
CUST_0701,Pharma,13473,19,10.957658947297961,5,12,1,1
CUST_0702,Automotive,11952,28,18.033040774319574,1,36,0,1
CUST_0703,Electronics,14065,28,4.364160717051762,0,24,0,0
CUST_0704,Retail,15283,20,6.724553159116525,3,12,0,0
CUST_0705,Electronics,17648,20,12.631338681170341,2,12,1,0
CUST_0706,Perishable,14647,15,7.076726075763688,1,12,1,0
CUST_0707,Pharma,17432,23,8.037382764423937,1,24,1,0
CUST_0708,Retail,15322,19,9.882007091359114,4,12,1,0
CUST_0709,Retail,5122,22,5.171912979049253,1,12,1,0
CUST_0710,Perishable,10303,18,7.129390768918158,2,24,1,1
CUST_0711,Perishable,14279,19,15.517139583936544,2,12,0,0
CUST_0712,Automotive,8951,25,5.46315108884518,1,12,0,0
CUST_0713,Pharma,17999,18,4.010639327525812,4,24,0,0
CUST_0714,Pharma,22653,13,8.849875102330529,1,24,0,1
CUST_0715,Electronics,21093,19,15.65977751254923,0,12,0,1
CUST_0716,Automotive,13932,22,11.015390960015552,2,24,0,0
CUST_0717,Automotive,22453,19,9.677094609421909,0,12,0,0
CUST_0718,Automotive,15743,15,12.221793987578035,3,24,1,0
CUST_0719,Automotive,13314,21,3.2714628357017403,0,12,1,0
CUST_0720,Pharma,11932,20,14.473528268875162,5,24,0,1
CUST_0721,Pharma,13487,31,13.917175157018221,3,36,0,0
CUST_0722,Automotive,13059,27,9.953457629521393,1,36,0,0
CUST_0723,Electronics,15852,22,17.029622558982084,2,36,0,0
CUST_0724,Retail,15802,24,6.362519505234807,2,12,1,0
CUST_0725,Retail,15015,22,17.639544966267845,2,12,0,1
CUST_0726,Electronics,17184,23,12.772468327976256,1,12,0,0
CUST_0727,Automotive,20953,20,10.317237050609133,4,24,1,0
CUST_0728,Pharma,19747,19,11.900631823158442,1,24,1,1
CUST_0729,Retail,7575,27,11.463676170945291,4,12,0,0
CUST_0730,Perishable,2230,25,18.101414482088586,0,36,1,1
CUST_0731,Perishable,19671,20,6.6166043626449325,2,24,0,0
CUST_0732,Electronics,8165,21,8.187403804267008,2,36,0,0
CUST_0733,Automotive,13876,9,17.1815144603624,1,24,0,0
CUST_0734,Retail,9149,32,9.022325324080704,4,12,0,0
CUST_0735,Automotive,5990,23,16.50266538665796,2,12,0,0
CUST_0736,Retail,17707,22,20.497179915043546,4,12,0,0
CUST_0737,Electronics,18795,30,9.991024865291832,2,12,0,0
CUST_0738,Electronics,12117,24,15.406811632876527,3,24,1,0
CUST_0739,Perishable,2044,21,6.231538593300708,3,24,0,0
CUST_0740,Automotive,12268,23,15.773666490339046,1,24,0,0
CUST_0741,Perishable,16959,29,12.997119929933836,0,24,1,0
CUST_0742,Automotive,7605,22,14.365191410801076,1,12,0,0
CUST_0743,Perishable,15916,17,8.772139639823024,2,12,1,0
CUST_0744,Pharma,14923,19,3.6945829221641375,2,12,0,0
CUST_0745,Pharma,17896,15,14.516260323747524,4,12,0,0
CUST_0746,Pharma,15597,12,1.682984237602728,1,12,0,1
CUST_0747,Pharma,10134,13,10.413247538787326,3,12,0,0
CUST_0748,Retail,20982,22,16.70590933209985,4,12,0,0
CUST_0749,Pharma,14207,15,12.95948867936518,4,12,0,0
CUST_0750,Electronics,14863,35,21.741713223949066,1,24,0,0
CUST_0751,Electronics,10333,28,17.125545762908867,2,12,0,0
CUST_0752,Retail,12783,10,8.730508058372118,3,12,0,0
CUST_0753,Pharma,10575,21,12.136566899257193,0,12,0,0
CUST_0754,Pharma,14135,17,11.76314648727782,1,36,0,0
CUST_0755,Pharma,23558,21,4.089116183269364,2,12,0,1
CUST_0756,Perishable,8140,17,7.298005417578234,3,12,0,0
CUST_0757,Automotive,6932,17,9.196195465100699,2,24,0,1
CUST_0758,Perishable,22355,18,1.818897485720317,1,12,1,0
CUST_0759,Automotive,13953,10,12.237467341258215,1,36,0,0
CUST_0760,Pharma,11654,16,10.754640776734796,0,12,1,0
CUST_0761,Pharma,20199,13,3.635530493442129,2,12,0,0
CUST_0762,Perishable,11971,18,14.02106432638666,2,12,0,1
CUST_0763,Perishable,24130,12,15.579363723454797,1,24,0,0
CUST_0764,Automotive,18389,24,13.135172394324444,2,12,1,0
CUST_0765,Electronics,12560,20,10.379659123955149,3,12,0,0
CUST_0766,Automotive,25786,18,14.957210758759274,2,12,0,0
CUST_0767,Perishable,11971,20,15.401101802383454,2,12,0,0
CUST_0768,Perishable,18710,21,13.537017848598442,3,12,0,1
CUST_0769,Retail,16496,24,7.876938747826196,2,24,0,0
CUST_0770,Perishable,21508,14,13.383003827555903,2,24,0,0
CUST_0771,Retail,22807,18,17.977403254127395,1,12,0,0
CUST_0772,Electronics,15160,22,9.016854706941348,4,12,0,0
CUST_0773,Automotive,11232,23,22.489696695662154,5,24,0,1
CUST_0774,Automotive,17299,22,9.371845330073079,1,12,1,0
CUST_0775,Retail,11611,17,12.162035066700682,1,12,1,1
CUST_0776,Automotive,25066,19,8.637572019968319,4,12,0,0
CUST_0777,Perishable,15682,22,13.116354179601304,2,24,0,0
CUST_0778,Pharma,13173,22,3.2888915368236233,4,36,1,0
CUST_0779,Retail,15923,19,9.269791005916394,3,24,0,0
CUST_0780,Automotive,8264,23,6.5393939982571645,2,12,0,0
CUST_0781,Retail,10141,22,12.676691739461454,2,12,1,0
CUST_0782,Retail,21002,22,16.97223687754454,0,24,0,0
CUST_0783,Pharma,11715,26,15.230030935572756,2,12,0,0
CUST_0784,Perishable,9765,20,0.14170319570553858,0,36,1,0
CUST_0785,Retail,17683,19,22.2103482646394,4,36,0,0
CUST_0786,Automotive,20928,18,13.476399703104342,3,12,1,1
CUST_0787,Electronics,18594,25,8.117504297535,3,36,1,0
CUST_0788,Retail,19980,28,12.785639594954704,0,12,1,1
CUST_0789,Retail,11216,25,12.880949112513463,4,24,0,0
CUST_0790,Pharma,7890,24,8.665756415242182,2,12,0,0
CUST_0791,Perishable,22506,25,12.989583336710378,1,12,0,1
CUST_0792,Electronics,13386,17,8.962638561898464,1,24,0,1
CUST_0793,Automotive,13745,24,9.978190036549886,3,24,0,0
CUST_0794,Electronics,21640,26,8.568604321224578,2,12,0,0
CUST_0795,Automotive,17781,22,4.836643551301736,1,12,0,0
CUST_0796,Perishable,17279,18,12.72918235107692,2,12,0,0
CUST_0797,Automotive,25825,21,14.926497182581691,1,12,0,0
CUST_0798,Pharma,11782,22,14.574417980381861,2,12,1,0
CUST_0799,Pharma,19639,19,16.09962626317617,3,12,1,0
CUST_0800,Pharma,15285,24,13.621701050074341,2,12,1,0
CUST_0801,Pharma,16342,23,9.336372508915483,1,12,0,0
CUST_0802,Electronics,22642,22,16.198319322155946,0,12,1,0
CUST_0803,Perishable,17539,16,5.212412300790325,0,12,1,0
CUST_0804,Automotive,17691,14,7.496643087437599,1,12,0,0
CUST_0805,Automotive,20362,25,7.178999642883777,2,36,0,1
CUST_0806,Pharma,13175,23,17.40028029569655,2,12,0,0
CUST_0807,Pharma,10803,20,16.71394257070038,2,36,0,0
CUST_0808,Retail,9775,18,14.436526185224974,1,24,0,1
CUST_0809,Perishable,5168,17,17.359649326058985,1,24,0,0
CUST_0810,Electronics,25281,22,7.60358608794006,2,24,1,0
CUST_0811,Automotive,9483,21,13.742975599304902,0,24,0,0
CUST_0812,Retail,13893,17,11.37412785808418,1,12,0,1
CUST_0813,Retail,13615,32,16.23441051942457,3,12,1,0
CUST_0814,Automotive,16537,26,11.423878837239013,0,24,0,0
CUST_0815,Electronics,19078,21,10.075285557949595,0,12,1,0
CUST_0816,Retail,19302,12,14.70454259280495,1,24,0,0
CUST_0817,Retail,12084,21,16.380845835956166,1,12,1,0
CUST_0818,Perishable,14164,28,8.65827402576599,0,24,0,1
CUST_0819,Electronics,16412,14,11.69462164323812,2,12,0,0
CUST_0820,Retail,13756,17,6.707796831791736,2,12,0,1
CUST_0821,Electronics,23036,24,0.4903050874646979,2,12,1,0
CUST_0822,Automotive,17454,17,13.002298157068644,0,24,1,0
CUST_0823,Pharma,18674,17,15.04452678127316,3,24,0,0
CUST_0824,Retail,18314,22,13.310334045433628,0,12,1,0
CUST_0825,Perishable,20867,21,2.2521914112281642,2,24,0,0
CUST_0826,Automotive,15905,23,10.245752849617627,3,12,0,0
CUST_0827,Electronics,8515,22,0.9082611997445937,4,12,1,0
CUST_0828,Automotive,16998,18,18.848505538270924,2,12,0,0
CUST_0829,Retail,11743,13,6.56972708940957,2,12,0,0
CUST_0830,Electronics,12356,28,18.27701804729948,1,12,1,1
CUST_0831,Pharma,17931,13,16.72934821842073,4,12,1,0
CUST_0832,Automotive,21191,23,7.497048237319691,3,24,1,0
CUST_0833,Retail,15106,14,6.336075243661275,3,24,1,1
CUST_0834,Perishable,16544,23,13.751851081931692,2,12,0,0
CUST_0835,Electronics,23511,16,7.778379814084645,1,12,1,0
CUST_0836,Automotive,16203,20,12.512423210791038,3,12,0,0
CUST_0837,Automotive,28008,31,9.585862045965408,1,12,1,0
CUST_0838,Pharma,17827,20,3.0942079276718335,0,12,0,1
CUST_0839,Pharma,6196,21,0.8476599043777053,3,12,0,0
CUST_0840,Perishable,18766,21,13.133421242472986,2,36,0,0
CUST_0841,Perishable,16905,16,9.192211268346874,3,24,0,0
CUST_0842,Retail,21448,17,9.234550915429338,3,12,0,0
CUST_0843,Retail,18365,19,15.479319195468927,0,12,1,0
CUST_0844,Perishable,14307,21,17.867211383162225,3,12,1,0
CUST_0845,Perishable,8878,18,10.637276393190954,2,24,0,0
CUST_0846,Electronics,13954,19,10.297006465450693,2,12,1,0
CUST_0847,Pharma,10747,22,14.500715165569419,3,12,0,1
CUST_0848,Retail,12097,14,5.215322151502123,1,24,0,0
CUST_0849,Pharma,17942,14,13.115765273738486,1,12,0,0
CUST_0850,Pharma,23349,23,14.75942985911077,2,12,1,0
CUST_0851,Perishable,16973,20,15.401151042088145,1,12,1,0
CUST_0852,Electronics,9020,22,2.316236487487675,0,12,0,0
CUST_0853,Automotive,17223,19,8.193223650955296,2,12,0,0
CUST_0854,Electronics,20983,25,7.608683735882667,4,12,0,0
CUST_0855,Electronics,11951,13,12.499434772046065,2,12,0,0
CUST_0856,Pharma,14329,21,14.40372289883992,0,12,0,0
CUST_0857,Electronics,15073,13,19.483552037229906,1,24,0,1
CUST_0858,Retail,11075,13,9.525172598159635,5,12,0,1
CUST_0859,Pharma,18241,21,9.51213750845393,4,12,1,0
CUST_0860,Retail,14395,22,17.748360094393735,4,24,0,0
CUST_0861,Automotive,17097,23,13.482884692651526,4,24,0,0
CUST_0862,Pharma,10562,17,18.33825755593987,3,24,0,0
CUST_0863,Automotive,12812,21,13.443640015049182,2,12,1,0
CUST_0864,Pharma,18611,18,6.214416906433645,1,12,1,0
CUST_0865,Perishable,13135,19,5.334358226110967,1,24,1,0
CUST_0866,Electronics,23634,23,4.242438754705355,1,24,0,1
CUST_0867,Perishable,13001,18,15.310259173792366,0,12,1,0
CUST_0868,Automotive,16123,23,17.94298411543504,1,36,0,0
CUST_0869,Electronics,19662,22,21.246810706931903,4,12,0,1
CUST_0870,Pharma,7908,24,16.215526661616202,0,36,0,0
CUST_0871,Electronics,6195,19,17.814192887674928,1,24,0,0
CUST_0872,Retail,7371,16,9.099918336731577,3,24,1,0
CUST_0873,Electronics,21312,18,6.2179209162807165,1,36,1,0
CUST_0874,Retail,12240,18,16.250396662087766,2,24,0,1
CUST_0875,Electronics,27790,15,14.088403761197004,1,12,0,0
CUST_0876,Retail,12178,18,12.537221871704462,2,12,0,0
CUST_0877,Automotive,15922,14,13.93685740316495,3,12,0,0
CUST_0878,Perishable,22710,19,13.615927412291029,1,12,0,0
CUST_0879,Pharma,25030,22,18.41908429926781,5,24,1,1
CUST_0880,Electronics,25307,22,18.47492792408478,5,12,1,1
CUST_0881,Perishable,21041,15,14.721101761701735,1,12,0,0
CUST_0882,Pharma,20120,21,16.22901436281464,0,12,1,0
CUST_0883,Pharma,17962,19,14.57031276212388,1,24,0,0
CUST_0884,Retail,18891,14,9.694151339826906,3,12,0,0
CUST_0885,Automotive,12244,15,15.7828233745657,1,12,0,0
CUST_0886,Automotive,10909,16,5.027524655703692,0,12,0,1
CUST_0887,Perishable,14983,21,17.269457761479416,3,24,1,0
CUST_0888,Automotive,14149,26,6.027385301169825,2,12,0,0
CUST_0889,Electronics,12733,18,13.429016433973665,0,24,0,1
CUST_0890,Automotive,18481,20,7.774230207869206,0,12,0,0
CUST_0891,Perishable,19776,21,14.766944915372134,1,12,1,0
CUST_0892,Automotive,15442,19,11.830373870360456,2,36,0,0
CUST_0893,Electronics,22387,14,4.026220209183338,1,12,1,0
CUST_0894,Retail,9291,19,14.103498155092394,0,12,1,0
CUST_0895,Perishable,14031,24,9.110396115836448,3,12,0,0
CUST_0896,Retail,11415,25,16.405733604066846,0,12,0,1
CUST_0897,Retail,5667,20,12.006628443672037,2,12,1,0
CUST_0898,Retail,14586,34,13.977104926940191,1,12,0,0
CUST_0899,Pharma,14391,23,7.212155224923941,1,12,1,0
CUST_0900,Pharma,22567,19,9.053338842863191,3,12,0,0
CUST_0901,Retail,18154,22,9.706806819494577,2,24,0,0
CUST_0902,Perishable,9879,13,16.28351240121278,3,24,1,0
CUST_0903,Electronics,24270,17,20.386885439027445,3,12,1,0
CUST_0904,Electronics,21105,19,7.9741412412856185,5,12,1,0
CUST_0905,Automotive,17910,18,17.3842407232884,2,12,0,0
CUST_0906,Perishable,13867,21,1.1516129113714904,0,12,1,0
CUST_0907,Pharma,10202,18,6.029052994538553,1,12,1,0
CUST_0908,Retail,13138,19,7.206107719066126,1,12,1,0
CUST_0909,Automotive,20443,21,5.237456552796388,2,12,0,0
CUST_0910,Electronics,24422,24,4.0820580510621,3,12,0,1
CUST_0911,Pharma,22716,25,14.064994560688987,4,12,1,0
CUST_0912,Pharma,12555,24,10.929661511360694,0,36,0,1
CUST_0913,Retail,9401,19,13.897026988025548,1,12,0,1
CUST_0914,Electronics,15704,20,15.452363430607566,2,24,0,0
CUST_0915,Perishable,6157,16,13.328084965862667,2,24,0,0
CUST_0916,Pharma,16615,21,15.28881588075187,3,12,0,1
CUST_0917,Retail,14261,11,11.652338568788654,1,12,0,1
CUST_0918,Perishable,12669,24,6.065033058471277,1,12,1,0
CUST_0919,Electronics,7026,16,17.28907090410398,2,12,0,0
CUST_0920,Pharma,17568,12,9.054439336094365,0,12,0,0
CUST_0921,Perishable,12336,15,7.32201850618787,3,24,0,0
CUST_0922,Perishable,9150,16,11.110410620978008,3,12,0,0
CUST_0923,Perishable,638,10,7.435945403517435,3,12,0,0
CUST_0924,Pharma,14862,20,9.912848090052838,3,24,1,0
CUST_0925,Pharma,23861,18,13.720269607817333,2,24,0,0
CUST_0926,Automotive,23306,14,13.741708696230635,5,12,1,0
CUST_0927,Electronics,12714,11,7.510849667871853,3,24,0,0
CUST_0928,Retail,11988,21,9.561473135256277,1,12,0,0
CUST_0929,Perishable,17343,26,17.371665023851218,4,12,0,1
CUST_0930,Automotive,10008,31,14.482000588669706,2,12,0,0
CUST_0931,Retail,16508,13,22.375325196742708,2,12,1,0
CUST_0932,Automotive,18830,15,17.90064086870764,0,36,1,0
CUST_0933,Pharma,21134,22,17.721465342799696,1,12,0,0
CUST_0934,Perishable,14499,29,5.06065724772099,2,12,0,0
CUST_0935,Retail,13981,17,15.819301758167112,1,12,0,0
CUST_0936,Retail,10610,15,11.734465991515446,3,12,0,0
CUST_0937,Retail,10865,14,9.245090982308753,5,12,1,0
CUST_0938,Retail,13867,16,12.840076702662643,2,12,0,0
CUST_0939,Retail,16836,30,16.72605767305742,2,24,1,0
CUST_0940,Automotive,19567,18,14.504157955021057,2,12,0,1
CUST_0941,Perishable,10984,12,7.6076309932897,1,12,0,0
CUST_0942,Pharma,22463,22,15.712294567963102,1,12,0,0
CUST_0943,Pharma,13644,19,8.81206228962018,3,12,0,0
CUST_0944,Pharma,14893,19,13.083415594821432,4,12,1,0
CUST_0945,Pharma,11263,18,10.483249662614329,2,24,0,0
CUST_0946,Automotive,2878,21,10.905668741321872,4,36,1,0
CUST_0947,Electronics,19420,17,15.831214875202548,2,12,0,0
CUST_0948,Perishable,18684,16,6.79903140092051,3,12,1,0
CUST_0949,Retail,13593,15,21.725975371384664,2,24,0,0
CUST_0950,Electronics,15334,22,2.894569653527519,3,12,1,0
CUST_0951,Pharma,17579,20,9.011661583725715,2,12,1,0
CUST_0952,Electronics,7187,12,13.851059449708705,3,12,1,0
CUST_0953,Perishable,12354,18,14.921570832176549,0,24,0,1
CUST_0954,Retail,18971,16,11.497621397141474,2,12,1,1
CUST_0955,Retail,8728,15,11.713046484992288,2,24,0,0
CUST_0956,Perishable,16467,18,14.052750426638083,3,24,0,0
CUST_0957,Perishable,8217,19,10.844652612711599,2,12,0,0
CUST_0958,Pharma,17332,26,18.96590628967453,0,24,0,0
CUST_0959,Retail,14821,23,16.19674557115801,1,24,1,0
CUST_0960,Electronics,6924,19,16.364121755028172,4,12,0,0
CUST_0961,Automotive,20823,19,7.169216383147915,2,12,0,0
CUST_0962,Automotive,11327,22,11.603057877971485,2,12,0,1
CUST_0963,Perishable,10948,14,10.497670256396482,1,12,0,1
CUST_0964,Pharma,16002,16,6.971993121552671,2,12,0,0
CUST_0965,Automotive,20743,22,13.800820919728835,1,12,0,0
CUST_0966,Retail,9920,19,9.311771211100918,2,12,0,1
CUST_0967,Perishable,15308,21,15.277019149251185,1,24,0,0
CUST_0968,Electronics,17144,15,6.649042185528342,2,12,1,0
CUST_0969,Perishable,18465,21,20.595203064209105,1,12,1,0
CUST_0970,Electronics,15882,16,7.518336707039691,3,12,1,0
CUST_0971,Perishable,13164,24,13.09651168600218,1,12,0,0
CUST_0972,Perishable,10862,17,15.959296551940337,2,12,0,0
CUST_0973,Perishable,15430,21,9.146797848999435,1,12,0,0
CUST_0974,Electronics,9639,23,16.262343217164755,0,12,0,0
CUST_0975,Electronics,393,20,5.854082010997919,1,24,0,0
CUST_0976,Perishable,17182,17,19.260588495912803,2,24,0,0
CUST_0977,Automotive,19519,21,12.070746324828791,0,12,0,1
CUST_0978,Pharma,3185,17,9.017942960155601,2,24,0,0
CUST_0979,Pharma,9951,20,10.504091137862828,2,24,1,0
CUST_0980,Pharma,18095,23,16.044596346963598,0,12,0,0
CUST_0981,Electronics,25287,15,9.077723540747808,1,36,0,0
CUST_0982,Electronics,15103,13,8.253211552886112,2,24,0,0
CUST_0983,Automotive,11359,21,10.892317012081309,0,12,0,0
CUST_0984,Pharma,14085,20,6.1151894361501595,4,12,0,0
CUST_0985,Pharma,21874,15,21.102719539709078,4,12,0,0
CUST_0986,Perishable,11770,26,9.168027043926383,1,12,0,0
CUST_0987,Electronics,11004,26,16.158083930902016,2,24,1,0
CUST_0988,Pharma,12586,25,13.047350418238864,3,12,1,0
CUST_0989,Automotive,10233,21,7.077329747590159,4,24,0,0
CUST_0990,Automotive,15613,17,11.970226453936354,3,24,0,0
CUST_0991,Pharma,23123,16,15.92001389655374,1,24,0,0
CUST_0992,Electronics,16615,21,11.058693324568468,3,24,1,0
CUST_0993,Automotive,13738,19,17.96556472925514,1,12,0,0
CUST_0994,Perishable,13540,12,17.10757696390932,1,12,0,0
CUST_0995,Automotive,7184,15,16.59457427329165,1,24,0,0
CUST_0996,Retail,19415,16,9.701716138635016,3,12,0,0
CUST_0997,Retail,14610,19,6.600787761092565,0,12,1,0
CUST_0998,Electronics,14097,22,8.932061973186027,3,24,0,0
CUST_0999,Pharma,30965,28,12.981204703333603,0,24,0,1
